ST	ICL1	MDR1	SAPT2	SAPT4	XYR1	ZWF1a	clonal_complex
1	1	1	1	1	1	1	
2	1	2	2	2	1	2	
3	1	3	1	3	2	3	
4	2	4	3	3	3	3	
5	1	5	4	4	4	1	
6	1	6	3	5	5	3	
7	3	7	3	6	6	4	
8	2	8	5	7	5	5	
9	4	9	3	8	4	6	
10	3	10	1	7	5	4	
11	3	11	1	7	5	4	
12	1	1	1	1	5	1	
13	1	12	4	4	4	1	
14	3	7	1	6	6	7	
15	1	7	1	9	5	1	
16	2	12	6	10	7	5	
17	5	7	1	11	4	7	
18	1	12	4	12	4	1	
19	3	13	4	7	1	1	
20	1	14	4	4	4	1	
21	3	9	7	8	4	6	
22	1	15	1	13	8	1	
23	1	16	3	7	9	3	
24	3	7	4	10	1	1	
25	6	7	3	6	2	4	
26	1	17	2	14	1	7	
27	3	7	1	6	6	4	
28	2	18	5	10	10	5	
29	1	19	3	7	3	1	
30	3	7	3	15	6	4	
31	1	20	4	4	4	1	
32	1	2	3	3	2	1	
33	3	7	3	13	4	3	
34	1	21	4	5	6	1	
35	1	7	8	6	2	4	
36	1	21	9	5	6	1	
37	3	7	3	6	11	4	
38	1	20	4	12	4	1	
39	1	22	3	10	9	3	
40	1	23	3	16	12	8	
41	1	7	4	12	13	1	
42	1	24	3	7	14	6	
43	7	25	3	7	5	1	
44	3	26	3	7	15	7	
45	1	3	3	17	16	3	
46	1	27	1	11	4	3	
47	3	4	3	3	17	3	
48	1	20	1	4	13	1	
49	8	28	3	18	17	7	
50	1	1	10	1	1	1	
51	1	29	3	19	13	1	
52	3	4	3	3	3	3	
53	5	16	3	20	9	1	
54	3	30	3	7	18	7	
55	1	31	3	21	3	1	
56	1	7	11	21	19	1	
57	9	3	3	10	19	9	
58	10	32	4	22	18	7	
59	1	7	4	4	20	1	
60	10	7	3	8	11	10	
61	1	33	12	23	21	3	
62	10	7	3	6	11	4	
63	3	9	13	24	4	3	
64	1	7	1	6	22	4	
65	1	20	4	4	4	11	
66	1	34	2	13	23	2	
67	1	3	4	11	24	1	
68	1	20	4	10	4	1	
69	2	20	4	10	25	5	
70	2	20	6	10	26	5	
71	1	7	1	7	27	9	
72	1	7	1	7	27	12	
73	11	35	14	25	28	13	
74	12	35	15	25	28	14	
75	13	36	16	26	29	15	
76	14	37	17	27	29	16	
77	1	24	3	7	30	4	
78	1	1	18	1	5	3	
79	2	20	5	10	26	5	
80	1	1	3	1	5	1	
81	1	7	18	21	1	1	
82	15	38	19	28	28	13	
83	1	39	3	7	31	17	
84	9	40	3	4	19	9	
85	9	26	3	11	24	4	
86	9	26	1	11	32	4	
87	9	26	1	11	33	10	
88	1	3	4	8	34	3	
89	3	7	4	29	35	7	
90	3	7	1	6	22	4	
91	1	41	12	23	36	9	
92	9	26	1	11	24	4	
93	3	26	3	7	24	7	
94	1	42	1	23	9	1	
95	1	43	3	7	24	6	
96	9	26	1	11	37	4	
97	1	3	3	17	9	7	
98	1	3	3	17	9	3	
99	1	44	3	7	38	3	
100	1	17	2	14	23	3	
101	10	13	1	7	23	1	
102	9	45	3	21	24	1	
103	2	18	5	10	26	5	
104	16	20	5	10	26	5	
105	1	46	12	30	16	1	
106	1	7	1	6	6	4	
107	17	47	20	31	39	18	
108	17	48	21	32	40	18	
109	3	3	1	8	41	1	
110	1	1	18	1	5	1	
111	1	1	18	1	42	1	
112	18	1	22	23	9	1	
113	10	49	3	7	34	3	
114	1	4	22	23	43	9	
115	1	34	22	8	23	2	
116	19	50	3	11	27	1	
117	10	49	3	7	34	1	
118	1	49	10	1	44	1	
119	1	1	18	1	19	1	
120	10	49	3	7	45	3	
121	10	49	3	7	46	3	
122	1	25	4	7	47	7	
123	1	4	1	7	34	1	
124	1	24	3	7	48	6	
125	9	26	1	11	49	4	
126	3	7	1	7	50	1	
127	1	32	3	7	4	4	
128	1	51	22	8	36	9	
129	1	20	4	33	4	1	
130	1	52	1	3	3	1	
131	1	34	22	13	51	2	
132	1	53	23	20	2	3	
133	1	19	12	14	23	7	
134	3	7	1	6	52	4	
135	9	54	4	7	53	9	
136	1	7	3	17	9	1	
137	1	3	24	17	54	3	
138	1	4	22	23	55	9	
139	1	4	22	23	36	9	
140	1	3	3	17	54	3	
141	1	55	12	17	56	9	
142	1	9	1	3	48	9	
143	1	54	3	6	48	7	
144	1	3	3	17	54	1	
145	3	7	1	6	2	4	
146	1	22	3	7	6	7	
147	1	7	3	17	57	3	
148	1	56	1	11	9	3	
149	1	44	3	7	58	3	
150	5	57	3	10	59	7	
151	5	1	1	34	4	19	
152	1	4	1	23	8	9	
153	3	7	1	6	60	4	
154	1	9	12	7	61	9	
155	3	7	3	6	22	4	
156	1	22	1	19	13	7	
157	1	4	1	4	62	1	
158	1	17	2	14	63	3	
159	3	24	4	7	24	20	
160	5	1	1	34	1	21	
161	1	44	12	17	15	22	
162	1	58	2	35	23	1	
163	1	17	1	17	1	22	
164	20	59	1	10	3	1	
165	21	60	3	3	64	7	
166	1	54	3	23	1	22	
167	1	54	3	23	9	22	
168	1	3	3	17	57	3	
169	1	9	1	3	48	7	
170	1	9	1	3	48	4	
171	1	4	3	23	36	9	
172	22	59	4	33	3	1	
173	21	19	3	3	64	7	
174	1	9	3	3	48	7	
175	3	7	1	6	54	4	
176	1	17	12	19	66	7	
177	1	9	3	3	2	7	
178	3	7	1	6	67	4	
179	1	3	3	17	54	7	
180	1	61	3	17	54	3	
181	1	3	3	17	54	23	
182	1	3	3	17	54	24	
183	1	20	12	17	68	3	
184	1	4	12	23	36	9	
185	1	62	2	23	5	1	
186	1	63	2	30	69	2	
187	1	63	2	30	69	25	
188	1	33	2	30	69	25	
189	9	45	3	36	24	1	
190	1	64	1	37	27	7	
191	9	54	2	10	70	9	
192	1	59	1	10	3	1	
193	1	17	25	3	71	1	
194	1	65	3	10	2	7	
195	1	9	1	10	6	7	
196	1	9	3	7	18	3	
197	1	4	1	38	72	1	
198	1	7	3	39	73	10	
199	23	20	1	40	74	7	
200	3	65	1	6	52	4	
201	3	7	4	6	75	10	
202	10	7	4	6	22	4	
203	3	7	4	6	52	4	
204	5	7	3	23	3	4	
205	1	46	12	30	57	1	
206	24	71	3	10	24	3	
207	24	71	3	10	61	3	
208	25	72	3	7	81	26	
209	9	73	3	7	27	27	
210	1	74	26	7	82	1	
211	1	3	12	10	2	9	
212	1	75	12	10	2	9	
213	10	32	3	3	83	3	
214	26	76	3	42	4	27	
215	26	76	3	42	50	27	
216	26	77	3	42	4	27	
217	5	78	3	42	3	27	
218	3	76	3	43	1	9	
219	3	79	1	42	50	9	
220	3	7	4	44	52	4	
221	3	7	4	6	52	7	
222	10	7	3	6	84	4	
223	10	7	3	6	52	4	
224	10	7	3	45	52	4	
225	9	7	12	46	48	22	
226	1	80	27	10	44	9	
227	5	54	1	47	48	22	
228	1	32	3	10	85	3	
229	1	81	3	17	57	3	
230	1	4	12	10	3	9	
231	27	9	1	43	23	7	
232	1	24	3	7	24	6	
233	1	24	3	7	24	7	
234	1	7	4	11	4	3	
235	1	7	4	11	51	3	
236	1	7	4	11	50	3	
237	1	7	1	6	52	4	
238	1	7	4	6	52	4	
239	1	24	3	7	53	6	
240	1	24	3	7	47	6	
241	1	7	4	11	19	3	
242	1	17	3	7	1	3	
243	1	7	1	6	84	4	
244	1	7	4	6	67	6	
245	3	7	4	6	84	4	
246	10	58	4	8	31	3	
247	10	58	4	8	3	3	
248	1	7	4	6	84	4	
249	1	29	4	1	51	1	
250	1	82	3	7	24	6	
251	1	7	4	11	76	3	
252	1	66	3	7	9	7	
253	1	83	1	11	2	3	
254	3	4	4	7	77	7	
255	3	1	4	11	19	1	
256	1	1	18	1	31	1	
257	1	9	3	23	36	9	
258	28	84	28	7	86	28	
259	30	85	30	7	88	29	
260	3	86	12	11	73	3	
261	1	87	3	7	89	6	
262	1	24	3	7	90	6	
263	1	7	4	11	76	7	
264	3	4	4	17	77	4	
265	3	58	4	13	76	1	
266	1	49	18	1	31	1	
267	29	48	29	48	87	30	
268	3	39	3	7	90	7	
269	1	3	3	17	16	7	
270	1	7	22	7	31	9	
271	1	7	22	17	85	31	
272	3	7	3	33	2	7	
273	1	7	4	17	91	7	
274	1	7	3	17	63	7	
275	1	1	18	1	50	1	
276	1	4	22	23	85	9	
277	1	4	22	23	85	1	
278	1	7	4	17	85	7	
279	1	9	4	3	2	7	
280	1	22	22	17	2	7	
281	1	88	22	3	85	1	
282	1	61	4	11	4	7	
283	1	9	3	17	2	22	
284	1	7	12	41	2	7	
285	1	22	4	19	50	7	
286	10	7	3	33	2	7	
287	1	44	12	7	31	22	
288	1	61	3	14	2	7	
289	31	17	4	43	4	32	
290	9	89	4	23	92	2	
291	1	1	18	36	50	1	
292	10	7	3	38	85	22	
293	1	44	12	49	31	2	
294	1	44	12	7	48	7	
295	10	7	3	33	85	22	
296	1	7	4	17	89	7	
297	1	3	3	7	16	3	
298	3	27	3	7	77	7	
299	1	16	4	11	9	1	
300	1	22	3	7	2	7	
301	1	7	4	17	50	7	
302	10	7	4	6	2	10	
303	1	49	4	3	2	7	
304	26	44	4	23	16	1	
305	1	9	22	24	85	9	
306	1	7	3	40	16	3	
307	26	2	4	23	62	2	
308	1	9	4	3	50	7	
309	1	4	22	23	85	2	
310	10	4	4	41	77	4	
311	1	1	4	1	50	1	
312	3	7	3	33	2	22	
313	1	7	4	17	53	7	
314	32	88	22	3	85	9	
315	1	9	4	19	50	7	
316	1	9	12	17	2	2	
317	1	1	4	9	50	1	
318	3	4	4	41	77	4	
319	10	7	3	33	2	22	
320	1	1	3	19	2	7	
321	1	4	12	23	43	9	
322	1	7	12	50	9	3	
323	1	90	3	50	24	3	
324	9	90	3	50	12	3	
325	1	4	12	23	3	9	
326	31	1	1	34	5	21	
327	1	4	12	23	36	1	
328	33	91	29	51	93	33	
329	9	90	3	50	24	3	
330	1	44	12	7	48	22	
331	1	22	12	17	60	22	
332	1	1	1	10	9	3	
333	1	44	12	7	94	22	
334	9	7	3	3	1	9	
335	9	7	3	3	9	1	
336	1	9	12	17	2	22	
337	1	44	1	7	38	3	
338	1	9	12	17	2	3	
339	1	54	3	3	95	3	
340	1	57	31	10	8	7	
341	3	4	1	41	77	7	
342	1	92	1	11	9	3	
343	5	16	3	7	48	21	
344	1	17	2	14	1	3	
345	17	93	29	3	93	30	
346	3	4	1	41	77	4	
347	1	4	1	7	48	1	
348	1	89	1	7	48	9	
349	1	90	3	7	96	3	
350	1	3	1	7	48	1	
351	1	9	1	3	97	7	
352	1	61	1	11	4	3	
353	1	9	12	7	98	3	
354	3	1	4	34	1	21	
355	1	9	1	3	34	7	
356	1	90	1	10	1	7	
357	1	3	3	17	99	3	
358	1	3	12	7	2	9	
359	1	17	2	14	100	3	
360	1	18	12	17	68	3	
361	1	20	12	17	68	1	
362	1	22	4	3	4	3	
363	1	34	2	8	23	2	
364	1	94	3	7	101	3	
365	1	94	3	7	102	3	
366	1	94	3	21	101	3	
367	1	94	32	7	101	3	
368	1	95	4	4	50	1	
369	1	96	33	7	103	34	
370	1	97	3	7	1	3	
371	3	7	12	52	1	1	
372	5	3	3	7	48	4	
373	5	57	3	10	31	7	
374	5	61	3	11	68	3	
375	9	7	12	52	3	22	
376	9	7	12	52	48	22	
377	34	7	1	6	52	4	
378	35	96	34	7	103	34	
379	1	44	12	7	94	35	
380	1	22	1	53	24	7	
381	5	61	3	11	68	36	
382	1	32	3	14	57	1	
383	1	3	3	17	9	1	
384	3	7	1	6	52	10	
385	1	7	12	3	104	3	
386	1	4	22	54	36	9	
387	1	60	22	19	102	7	
388	1	3	3	17	9	23	
389	1	98	3	17	54	3	
390	36	99	1	55	23	37	
391	36	100	4	56	23	37	
392	3	7	1	6	51	4	
393	37	100	1	56	23	37	
394	1	9	12	17	60	22	
395	36	101	1	56	23	37	
396	3	26	3	7	9	7	
397	37	100	4	14	23	37	
398	1	100	4	14	23	1	
399	1	102	3	11	48	22	
400	5	89	3	23	18	4	
401	1	9	22	23	36	9	
402	36	101	4	56	23	37	
403	15	91	29	7	105	38	
404	1	19	2	14	100	3	
405	1	32	12	10	95	9	
406	1	3	3	17	106	3	
407	36	4	4	56	23	37	
408	1	103	4	3	107	4	
409	32	104	12	3	17	2	
410	1	105	3	9	92	1	
411	1	7	12	7	18	22	
412	1	9	4	3	92	7	
413	17	93	35	57	108	30	
414	1	44	3	7	109	3	
415	1	9	4	3	48	7	
416	1	3	3	10	3	3	
417	1	9	22	23	43	9	
418	1	7	1	7	23	3	
419	1	7	1	7	38	3	
420	1	7	2	14	100	3	
421	1	7	3	7	58	3	
422	1	7	3	7	58	7	
423	1	7	12	17	24	7	
424	1	7	22	10	24	1	
425	1	9	3	17	85	7	
426	1	7	12	7	48	22	
427	1	9	3	14	60	22	
428	1	9	12	17	60	3	
429	1	9	12	17	26	22	
430	1	9	12	14	60	22	
431	1	123	2	17	4	1	
432	1	9	12	62	60	22	
433	1	9	12	17	85	22	
434	1	9	22	17	60	22	
435	1	16	1	3	9	1	
436	1	17	1	10	9	1	
437	1	22	1	19	4	7	
438	1	22	3	7	85	22	
439	1	22	3	7	72	7	
440	1	22	3	17	9	22	
441	1	22	12	17	60	7	
442	1	22	12	17	53	7	
443	1	22	12	17	60	31	
444	1	22	12	14	60	7	
445	1	26	3	3	48	3	
446	1	44	3	7	58	22	
447	1	44	3	14	60	7	
448	3	58	1	8	48	3	
449	1	44	12	21	94	22	
450	1	53	3	20	23	41	
451	1	56	1	59	9	3	
452	1	57	1	23	60	40	
453	1	58	36	7	68	39	
454	1	60	12	7	111	3	
455	1	61	1	11	4	1	
456	1	89	4	60	85	1	
457	1	89	4	38	94	3	
458	1	90	3	7	9	1	
459	1	90	3	7	2	1	
460	1	90	12	7	4	1	
461	1	92	1	7	9	1	
462	1	102	3	11	48	3	
463	1	108	3	3	9	3	
464	1	118	38	14	2	22	
465	1	109	12	17	56	9	
466	1	110	39	33	3	7	
467	1	110	39	33	4	7	
468	1	111	39	33	3	7	
469	1	112	3	7	68	3	
470	1	112	36	7	68	3	
471	1	113	12	19	116	1	
472	1	22	1	58	52	4	
473	1	116	3	38	2	9	
474	1	117	3	4	76	3	
475	1	117	3	7	9	32	
476	2	18	5	61	112	5	
477	1	9	1	10	54	3	
478	1	119	1	17	24	42	
479	2	20	5	61	110	5	
480	18	115	1	17	9	1	
481	2	20	12	61	60	22	
482	3	3	1	38	76	4	
483	3	3	3	33	76	4	
484	3	7	1	6	52	3	
485	3	7	3	7	23	1	
486	3	20	5	61	110	5	
487	3	22	1	10	27	1	
488	3	22	1	3	9	1	
489	3	22	1	3	27	1	
490	3	22	3	38	9	22	
491	3	42	37	7	113	3	
492	3	51	1	5	77	4	
493	3	61	1	38	77	4	
494	3	107	1	10	114	7	
495	3	114	1	3	27	1	
496	3	117	1	10	1	22	
497	9	90	3	10	115	3	
498	9	106	3	23	118	3	
499	1	7	22	52	92	7	
500	26	16	1	3	9	1	
501	38	44	3	7	58	3	
502	38	44	3	7	58	22	
503	10	4	1	41	117	4	
504	10	4	1	41	77	4	
505	26	7	12	52	119	22	
506	9	7	12	46	119	22	
507	9	7	12	52	119	22	
508	9	7	3	3	54	1	
509	9	3	1	7	120	3	
510	1	120	1	7	24	3	
511	1	16	3	4	24	3	
512	32	88	12	3	2	9	
513	1	121	3	11	24	9	
514	1	32	1	7	72	1	
515	1	50	3	50	50	1	
516	1	7	1	63	24	7	
517	1	20	12	7	68	3	
518	1	60	12	19	121	7	
519	3	32	1	41	77	4	
520	1	3	1	7	72	1	
521	9	16	3	3	9	1	
522	1	44	1	7	58	3	
523	1	22	2	14	53	3	
524	1	17	2	14	60	43	
525	1	7	1	17	24	7	
526	1	7	1	17	24	42	
527	1	92	3	38	107	1	
528	1	7	40	10	5	1	
529	9	90	3	7	94	1	
530	1	45	3	21	41	3	
531	1	49	1	64	77	1	
532	1	122	12	7	94	22	
533	35	96	33	7	103	34	
534	1	7	3	13	6	44	
535	1	7	3	3	92	1	
536	1	7	3	52	50	7	
537	1	7	22	52	50	7	
538	1	7	22	52	92	2	
539	1	7	22	52	13	7	
540	26	7	22	52	13	7	
541	26	7	22	52	50	2	
542	26	7	22	52	92	7	
543	26	7	22	52	50	7	
544	26	7	22	52	92	2	
545	1	13	22	52	92	2	
546	9	7	22	46	119	22	
547	5	7	3	23	48	4	
548	1	3	3	17	122	3	
549	1	124	2	14	60	3	
550	1	17	2	14	100	7	
551	9	54	4	38	70	9	
552	5	125	3	65	27	7	
553	5	126	3	65	27	7	
554	1	4	22	7	36	9	
555	1	122	3	7	58	7	
556	1	127	22	21	57	7	
557	1	7	3	3	48	22	
558	1	4	22	23	78	9	
559	9	54	4	10	70	9	
560	1	32	3	17	54	3	
561	3	60	41	19	123	3	
562	1	4	22	23	36	2	
563	1	7	1	6	52	10	
564	1	50	42	66	5	3	
565	1	2	42	67	5	7	
566	1	2	42	66	5	3	
567	1	2	9	67	5	1	
568	1	50	9	67	5	3	
569	1	2	42	66	31	3	
570	1	50	42	66	31	3	
571	1	56	1	68	9	3	
572	1	3	3	17	43	1	
573	1	7	12	50	57	3	
574	1	9	3	10	4	40	
575	1	22	7	13	9	44	
576	1	44	3	7	58	1	
577	1	44	3	7	124	3	
578	1	66	12	20	9	3	
579	1	90	1	7	15	1	
580	1	90	1	7	24	1	
581	1	90	1	7	27	1	
582	1	90	1	7	74	1	
583	1	90	1	69	9	7	
584	1	97	3	7	81	3	
585	1	117	1	7	43	1	
586	1	117	1	7	125	1	
587	1	117	1	7	126	1	
588	1	117	3	7	9	1	
589	3	7	1	6	84	4	
590	9	7	12	46	3	9	
591	9	7	12	46	3	22	
592	9	7	12	46	34	22	
593	9	7	12	46	41	22	
594	9	7	12	46	127	22	
595	9	7	22	46	48	22	
596	9	7	43	46	48	22	
597	9	34	1	13	128	9	
598	9	128	3	3	27	3	
599	9	129	12	46	3	22	
600	26	7	12	46	48	22	
601	1	22	1	13	9	44	
602	26	7	3	7	92	2	
603	1	9	22	14	92	7	
604	1	7	22	7	85	7	
605	26	7	22	52	85	2	
606	26	7	3	3	92	1	
607	1	49	3	33	85	1	
608	26	7	12	52	92	2	
609	26	7	3	3	92	42	
610	1	7	3	3	92	42	
611	19	27	4	36	80	10	
612	1	7	4	7	85	7	
613	1	31	3	33	85	1	
614	1	34	2	79	136	2	
615	9	76	12	80	9	47	
639	1	150	2	13	56	1	
662	1	7	3	10	6	6	
663	1	7	3	17	16	3	
664	1	22	12	17	8	7	
665	1	22	12	17	134	7	
666	1	32	12	23	55	1	
667	5	89	3	3	118	2	
668	5	54	45	47	3	22	
669	16	142	4	20	132	1	
670	1	24	3	7	17	6	
671	39	143	47	7	88	29	
672	1	1	10	1	31	1	
673	1	17	48	14	65	3	
674	5	33	4	34	2	9	
675	3	7	4	6	6	7	
676	5	33	4	34	51	9	
677	1	1	10	1	6	1	
678	1	3	3	17	57	7	
679	1	3	3	17	6	3	
680	1	4	3	23	13	2	
681	1	7	1	6	11	4	
682	1	7	3	6	52	4	
683	1	7	3	9	52	4	
684	1	7	4	6	11	4	
685	1	22	12	17	2	7	
686	1	22	12	17	2	22	
687	1	34	3	13	2	2	
688	1	42	1	23	16	1	
689	1	42	1	23	54	1	
690	1	42	4	23	16	1	
691	1	50	3	10	54	1	
692	1	67	3	19	2	1	
693	1	96	34	7	92	34	
694	1	117	3	7	9	3	
695	1	7	4	17	11	3	
696	1	7	4	17	22	4	
697	1	42	1	14	54	3	
698	1	67	3	19	2	3	
699	1	7	3	44	11	4	
700	3	7	1	7	35	4	
701	1	42	4	23	9	1	
702	1	1	10	21	6	1	
703	1	1	3	23	6	1	
704	1	7	46	10	2	1	
705	1	22	12	78	60	22	
706	1	31	3	75	9	1	
707	1	42	1	74	16	1	
708	1	46	12	76	60	9	
709	1	69	3	77	135	1	
710	1	116	10	77	6	1	
711	1	139	4	17	6	3	
712	1	140	3	23	132	7	
713	1	141	3	8	3	1	
714	3	137	1	10	27	6	
715	5	141	1	10	2	32	
716	9	90	49	7	62	3	
717	25	138	50	7	6	3	
718	28	136	4	7	92	7	
719	31	131	1	15	6	3	
720	36	135	3	19	8	46	
721	36	135	3	19	85	8	
722	1	56	4	59	60	1	
723	5	117	3	7	48	21	
724	1	44	12	7	94	2	
725	1	94	3	10	137	3	
726	1	3	3	10	9	3	
727	1	22	12	17	60	9	
728	1	22	52	3	9	44	
729	5	131	1	81	24	1	
730	3	149	1	10	1	22	
731	3	148	12	11	74	1	
732	3	147	1	23	48	7	
733	1	3	3	7	92	7	
734	1	40	46	7	2	3	
735	1	42	3	74	85	1	
736	1	42	4	74	36	1	
737	1	122	46	7	36	3	
738	1	44	5	17	132	3	
739	19	145	42	7	85	1	
740	19	7	42	7	85	1	
741	19	69	42	5	85	1	
742	19	69	42	7	85	1	
743	5	69	1	34	51	9	
744	26	7	22	52	3	22	
745	2	20	4	10	19	5	
746	2	20	4	10	95	5	
747	17	93	29	83	138	30	
748	17	93	29	82	138	30	
749	17	93	53	83	138	30	
750	1	17	2	14	53	3	
751	1	7	3	10	9	3	
752	9	151	3	3	54	1	
753	9	7	3	46	48	22	
754	26	7	12	46	119	22	
755	9	7	12	52	119	48	
756	9	7	12	52	4	22	
757	1	32	3	23	36	9	
758	1	7	22	52	48	22	
759	17	93	29	83	2	30	
760	1	92	1	61	9	5	
761	2	20	5	38	110	1	
762	19	27	4	36	50	10	
763	1	4	4	4	139	1	
764	1	7	4	3	14	7	
765	1	9	3	7	48	3	
766	1	128	3	84	1	1	
767	1	152	3	7	9	22	
768	3	3	4	9	47	20	
769	3	89	3	46	4	9	
770	5	89	3	3	140	2	
771	5	89	3	3	141	2	
772	5	89	3	3	142	2	
773	9	7	12	46	4	22	
774	9	120	3	50	143	3	
775	42	61	4	85	67	49	
776	1	7	12	36	54	3	
777	1	58	1	17	23	22	
778	3	7	54	6	60	4	
779	3	7	1	6	144	4	
780	1	7	1	6	145	4	
781	1	22	12	7	146	7	
782	1	34	3	7	147	22	
783	9	153	3	3	27	3	
784	3	60	55	19	123	3	
785	1	4	3	23	78	9	
786	3	154	3	23	48	22	
787	9	155	4	86	27	3	
788	22	156	4	33	3	1	
789	1	157	56	7	2	7	
790	1	32	3	17	54	50	
791	1	158	1	19	4	3	
792	1	81	22	87	36	9	
793	3	7	1	6	145	4	
794	43	3	3	17	16	3	
795	1	159	3	17	9	3	
796	1	4	22	88	36	9	
797	1	3	3	89	54	3	
798	1	160	3	17	54	3	
799	3	161	1	6	52	4	
800	1	22	57	90	148	1	
801	3	162	3	17	30	1	
802	3	7	1	6	149	4	
803	1	94	32	10	101	51	
804	1	7	12	17	60	52	
805	1	44	3	7	58	7	
806	1	44	12	17	61	22	
807	3	7	4	6	67	4	
808	1	7	2	14	100	7	
809	1	17	4	14	100	3	
810	26	54	4	3	70	9	
811	1	17	2	14	60	3	
812	23	20	1	17	74	7	
813	3	149	4	10	1	22	
814	1	66	3	23	1	3	
815	9	34	1	7	2	1	
816	1	34	4	10	9	3	
817	5	57	3	4	31	7	
818	5	152	3	11	68	3	
819	1	22	1	8	9	44	
820	1	152	3	17	9	3	
821	3	7	4	91	52	4	
822	1	163	1	92	1	3	
823	1	4	22	7	135	9	
824	1	49	22	93	135	9	
825	1	9	22	23	135	9	
826	44	111	39	33	31	7	
827	3	60	12	19	9	3	
828	1	7	1	94	48	22	
829	1	3	3	17	150	3	
830	1	3	3	17	151	3	
831	1	20	3	17	68	3	
832	1	4	22	23	114	9	
833	1	4	22	23	135	9	
834	1	4	22	23	135	2	
835	1	44	58	7	58	3	
836	1	22	3	4	1	3	
837	9	164	3	3	4	9	
838	1	7	12	52	119	22	
839	5	57	3	4	59	7	
840	1	3	3	7	54	3	
841	5	57	3	10	50	4	
842	1	4	1	4	27	1	
843	1	7	3	3	54	1	
844	10	61	3	11	68	3	
845	1	3	3	10	48	3	
846	1	117	1	7	152	1	
847	1	44	22	7	94	22	
848	1	117	1	7	74	1	
849	1	7	12	46	48	22	
850	10	7	1	44	52	10	
851	45	7	3	3	54	1	
852	1	7	3	10	153	53	
853	1	4	22	93	36	9	
854	5	57	3	10	50	7	
855	9	7	12	46	48	48	
856	1	165	1	3	2	9	
857	1	7	3	95	6	3	
858	1	3	3	14	54	3	
859	1	3	3	14	16	3	
860	3	7	4	91	6	10	
861	2	18	4	10	25	5	
862	1	1	10	1	80	1	
863	2	20	4	10	25	1	
864	16	18	4	10	25	5	
865	1	166	1	68	24	3	
866	1	22	12	14	146	7	
867	1	44	3	7	154	3	
868	1	7	12	96	119	22	
869	1	44	12	7	155	22	
870	1	4	22	7	135	1	
871	1	32	3	14	54	3	
872	1	127	12	21	57	7	
873	1	7	1	7	156	3	
874	36	101	1	14	23	54	
875	3	7	1	91	52	4	
876	3	60	41	19	9	3	
877	1	7	1	97	48	22	
878	44	111	39	38	31	7	
879	9	7	3	46	119	22	
880	1	4	12	23	55	9	
881	5	22	4	7	10	55	
882	1	54	3	98	24	22	
883	1	69	1	7	3	1	
884	1	7	4	91	52	4	
885	3	3	3	17	54	3	
886	7	167	3	99	5	1	
887	3	168	1	10	114	7	
888	3	172	4	100	158	60	
889	3	173	1	10	2	32	
890	5	169	1	13	118	2	
891	5	171	4	7	1	9	
892	9	7	3	3	1	1	
893	9	7	1	7	30	9	
894	9	34	1	3	121	3	
895	9	76	22	80	9	47	
896	9	170	1	23	157	1	
897	10	89	3	3	118	2	
898	1	61	3	11	68	2	
899	1	22	1	3	1	3	
900	1	17	1	14	68	7	
901	1	3	59	11	24	9	
902	46	17	1	3	62	59	
903	3	58	1	3	34	3	
904	3	9	3	8	60	6	
905	10	19	60	101	159	58	
906	9	7	12	46	160	22	
907	1	3	3	17	74	1	
908	5	54	45	47	48	22	
909	9	7	12	46	48	9	
910	1	22	12	17	146	7	
911	1	7	3	17	54	3	
912	9	129	12	46	41	22	
913	1	174	12	17	60	22	
914	1	21	9	5	78	1	
915	1	49	10	1	161	1	
916	3	3	12	10	16	3	
917	47	93	29	82	138	30	
918	1	1	2	23	54	1	
919	3	3	12	10	54	3	
920	15	91	29	102	105	38	
921	1	7	3	10	3	6	
922	1	175	3	17	162	1	
923	1	17	22	14	100	3	
924	9	129	12	46	48	22	
925	9	7	4	10	70	9	
926	1	66	12	20	163	3	
927	1	90	1	7	9	7	
928	1	3	3	56	9	3	
929	1	3	3	56	57	3	
930	1	4	3	23	43	9	
931	1	7	2	7	97	9	
932	1	7	3	7	14	6	
933	1	7	3	7	24	6	
934	1	9	12	7	43	9	
935	1	16	3	7	2	3	
936	1	24	3	7	48	7	
937	1	24	3	7	125	6	
938	1	96	2	13	136	2	
939	1	110	39	38	3	7	
940	3	3	3	11	3	6	
941	3	7	1	6	11	4	
942	3	60	12	19	16	3	
943	5	7	3	23	18	4	
944	5	7	3	23	18	7	
945	5	89	3	23	48	4	
946	9	22	3	10	13	47	
947	35	34	33	7	24	34	
948	36	7	1	17	23	37	
949	36	100	1	56	23	37	
950	36	101	1	14	23	37	
951	36	101	1	17	23	37	
952	36	101	1	56	23	54	
953	1	3	3	17	54	22	
954	1	3	3	104	54	3	
955	1	3	61	17	54	3	
956	1	4	22	106	135	9	
957	1	7	3	7	1	3	
958	1	7	12	103	43	22	
959	1	16	1	10	4	40	
960	1	44	4	7	58	3	
961	1	58	22	35	4	1	
962	1	58	22	35	23	1	
963	1	58	22	35	165	1	
964	1	81	3	105	166	22	
965	1	178	3	7	9	22	
966	3	1	12	7	74	7	
967	3	61	1	11	123	2	
968	9	42	12	46	24	1	
969	9	176	4	10	70	9	
970	9	7	3	7	54	1	
971	9	178	3	10	164	3	
972	9	2	4	92	69	1	
973	48	177	1	7	5	22	
974	1	24	3	7	85	6	
975	1	63	2	30	85	25	
976	1	45	3	21	48	3	
977	3	149	3	10	1	22	
978	1	7	1	17	48	7	
979	1	16	3	3	24	3	
980	1	7	3	7	94	22	
981	1	9	3	17	60	22	
982	1	32	3	50	50	1	
983	3	170	3	11	68	7	
984	1	7	4	7	2	1	
985	3	4	3	41	77	4	
986	1	7	12	17	60	31	
987	1	94	3	10	101	3	
988	1	112	3	10	68	3	
989	1	81	12	107	17	9	
990	9	9	3	108	77	1	
991	1	61	1	10	167	61	
992	1	22	62	17	60	31	
993	39	143	29	7	168	29	
994	1	2	42	43	2	62	
995	3	9	3	8	169	6	
996	1	90	1	7	170	1	
997	3	1	1	11	48	63	
998	5	16	3	7	171	21	
999	9	148	3	11	54	64	
1000	48	7	3	3	4	9	
1001	1	9	12	109	60	9	
1002	3	22	1	3	27	65	
1003	9	7	4	10	70	1	
1004	9	7	4	10	70	44	
1005	1	3	3	14	57	7	
1006	1	3	3	111	57	3	
1007	1	3	3	113	57	3	
1008	1	3	3	113	57	7	
1009	1	3	3	113	92	3	
1010	1	3	3	115	194	3	
1011	1	3	3	116	57	7	
1012	1	3	3	116	185	3	
1013	1	7	2	7	190	3	
1014	1	7	3	6	35	10	
1015	1	7	3	6	179	10	
1016	1	7	3	11	176	9	
1017	1	7	3	121	57	7	
1018	1	7	12	46	177	22	
1019	1	9	64	8	92	1	
1020	1	17	2	14	190	3	
1021	1	17	2	40	190	22	
1022	1	22	1	124	92	7	
1023	1	22	3	7	176	7	
1024	1	26	3	7	175	7	
1025	1	26	3	7	192	7	
1026	1	44	1	7	92	3	
1027	1	44	3	7	187	1	
1028	1	60	12	14	187	7	
1029	1	63	2	110	194	25	
1030	1	63	4	29	194	25	
1031	1	63	4	119	16	25	
1032	1	63	4	119	194	25	
1033	1	90	63	10	35	3	
1034	1	90	63	10	192	3	
1035	1	150	2	13	57	1	
1036	1	180	3	7	192	3	
1037	1	181	12	23	188	9	
1038	1	182	3	7	16	7	
1039	1	184	3	20	193	3	
1040	3	7	1	6	186	4	
1041	3	26	3	7	192	7	
1042	3	147	1	7	174	7	
1043	3	147	1	23	175	7	
1044	3	147	4	23	174	7	
1045	3	179	4	7	173	1	
1046	5	42	3	10	92	3	
1047	5	61	3	11	189	3	
1048	5	89	3	3	181	2	
1049	9	7	2	123	191	3	
1050	9	7	3	3	16	1	
1051	9	7	3	3	57	1	
1052	9	7	3	3	194	1	
1053	9	7	12	46	175	22	
1054	9	7	12	46	177	22	
1055	9	7	12	46	178	22	
1056	9	7	12	46	183	22	
1057	9	7	12	46	184	22	
1058	9	7	12	114	177	22	
1059	9	7	12	114	183	22	
1060	9	16	3	3	92	1	
1061	9	180	3	21	176	3	
1062	9	183	3	118	192	5	
1063	10	24	1	20	182	7	
1064	20	185	1	10	180	1	
1065	24	7	3	7	174	1	
1066	24	7	3	7	175	1	
1067	26	7	12	46	177	22	
1068	26	7	12	46	191	22	
1069	26	90	3	21	194	22	
1070	31	17	3	122	92	9	
1071	49	63	2	29	194	25	
1072	49	63	2	112	57	25	
1073	49	63	2	117	57	66	
1074	50	3	3	120	57	3	
1075	51	20	2	7	187	7	
1076	1	44	3	7	92	3	
1077	1	4	1	3	27	1	
1078	1	4	12	7	36	9	
1079	1	9	22	14	60	22	
1080	1	22	12	14	60	22	
1081	1	59	1	7	3	1	
1082	1	60	12	14	121	7	
1083	1	89	3	52	4	9	
1084	1	117	1	7	24	3	
1085	3	7	4	6	67	10	
1086	3	89	3	52	4	9	
1087	9	7	3	52	119	22	
1088	9	7	12	96	119	22	
1089	1	186	2	92	31	1	
1090	1	1	18	1	195	1	
1091	1	1	18	1	159	1	
1092	1	94	3	10	24	3	
1093	5	89	3	3	196	2	
1094	3	1	12	7	72	7	
1095	1	187	3	7	119	3	
1096	9	7	12	46	64	22	
1097	9	7	12	3	119	22	
1098	1	188	3	10	18	1	
1099	1	90	3	4	72	22	
1100	1	102	3	7	48	22	
1101	52	7	22	46	119	22	
1102	5	44	1	10	197	9	
1103	1	3	59	11	48	9	
1104	5	189	3	7	95	7	
1105	26	89	3	3	118	2	
1106	9	120	3	50	198	67	
1107	9	7	12	46	199	22	
1108	1	4	1	4	139	1	
1109	5	44	3	3	118	2	
1110	1	7	1	3	74	7	
1111	1	3	3	14	9	3	
1112	1	4	3	7	36	9	
1113	1	4	3	7	78	9	
1114	1	4	22	7	36	2	
1115	1	4	22	7	55	9	
1116	1	4	22	23	36	1	
1117	1	7	1	14	23	7	
1118	1	7	3	10	202	53	
1119	1	7	4	14	23	7	
1120	1	7	65	125	1	1	
1121	1	9	22	7	36	9	
1122	1	16	3	7	2	1	
1123	1	17	12	14	68	7	
1124	1	20	12	14	68	3	
1125	1	20	12	17	48	3	
1126	1	22	12	14	53	7	
1127	1	44	3	7	201	3	
1128	1	63	22	14	81	25	
1129	1	76	1	7	200	22	
1130	1	111	39	33	31	7	
1131	1	127	12	7	57	7	
1132	1	158	4	7	172	5	
1133	1	56	1	68	158	3	
1134	3	3	4	126	158	20	
1135	3	191	1	64	1	1	
1136	9	7	4	7	70	9	
1137	9	90	3	36	24	3	
1138	9	190	4	92	69	1	
1139	26	61	3	11	68	3	
1140	39	143	29	7	88	29	
1141	26	192	12	127	119	22	
1142	1	3	12	17	54	3	
1143	1	17	12	3	71	1	
1144	1	43	12	17	1	22	
1145	1	44	3	127	58	3	
1146	1	193	1	3	1	1	
1147	3	22	67	128	2	9	
1148	5	89	3	3	203	2	
1149	5	106	1	7	1	3	
1150	9	44	12	7	58	3	
1151	9	56	66	10	43	1	
1152	9	89	2	3	74	7	
1153	9	89	3	3	118	2	
1154	9	143	3	10	168	29	
1155	26	89	3	10	118	2	
1156	35	96	12	7	103	34	
1157	36	24	2	10	5	44	
1158	53	7	12	46	119	22	
1159	9	194	3	7	147	22	
1160	9	7	12	127	119	22	
1161	39	143	3	17	204	29	
1162	3	22	68	3	27	1	
1163	1	169	2	10	68	1	
1164	1	59	1	3	3	1	
1165	1	42	1	7	54	1	
1166	1	7	1	6	144	4	
1167	1	7	3	7	76	6	
1168	1	92	1	10	1	3	
1169	1	32	22	23	36	9	
1170	10	195	3	42	205	44	
1171	3	7	3	6	52	4	
1172	5	53	1	34	69	9	
1173	1	7	3	10	76	6	
1174	1	196	3	7	76	4	
1175	1	7	3	10	73	6	
1176	1	7	3	7	73	6	
1177	1	76	1	10	73	40	
1178	1	3	3	11	175	6	
1179	1	39	3	7	80	17	
1180	1	26	1	7	206	3	
1181	1	3	1	11	24	10	
1182	1	44	1	7	58	6	
1183	1	7	1	7	207	1	
1184	1	197	1	10	48	1	
1185	1	39	3	7	80	9	
1186	3	148	12	11	74	3	
1187	44	111	39	127	41	7	
1188	1	3	3	127	54	3	
1189	1	3	3	129	54	3	
1190	1	44	3	127	208	3	
1191	1	9	2	10	24	3	
1192	1	9	2	10	61	3	
1193	1	170	2	10	61	3	
1194	1	44	12	7	58	3	
1195	3	148	12	11	175	6	
1196	3	198	12	11	74	3	
1197	1	199	33	7	103	34	
1198	1	1	18	1	79	1	
1199	3	7	69	6	52	4	
1200	28	200	28	130	86	28	
1201	54	201	70	131	209	68	
1202	1	7	71	23	60	1	
1203	1	1	18	132	161	1	
1204	1	202	3	7	24	6	
1205	55	1	18	1	79	1	
1206	1	3	12	7	69	1	
1207	54	201	70	131	210	68	
1208	1	24	3	7	24	4	
1209	10	7	1	133	52	4	
1210	1	203	3	7	24	4	
1211	1	1	18	1	1	1	
1212	1	24	3	7	24	69	
1213	1	1	18	36	107	1	
1214	1	204	4	7	31	54	
1215	1	205	3	7	24	6	
1216	1	22	3	10	61	3	
1217	1	22	1	19	92	9	
1218	1	9	1	19	92	9	
1219	5	7	1	19	107	9	
1220	1	17	12	46	211	3	
1221	9	7	22	52	34	22	
1222	26	7	12	52	48	1	
1223	9	7	22	52	119	22	
1224	9	22	3	14	69	3	
1225	9	90	22	21	9	3	
1226	26	7	12	52	48	22	
1227	1	7	12	17	68	3	
1228	1	7	1	23	169	3	
1229	9	7	12	134	48	22	
1230	1	56	1	68	24	3	
